<?xml version="1.0" encoding="UTF-8" standalone="yes"?>
<addon id="repository.streamxmedia" name="R3CT.github.io" version="1.0.0" provider-name="R3CT01">
    <extension point="xbmc.addon.repository" name="Example Repository">
        <dir>
            <info compressed="false">https://raw.githubusercontent.com/R3CT01/R3CT01.github.io/master/repo/zips/addons.xml</info>
            <checksum>https://raw.githubusercontent.com/R3CT01/R3CT01.github.io/master/repo/zips/addons.xml.md5</checksum>
            <datadir zip="true">https://raw.githubusercontent.com/R3CT01/R3CT01.github.io/master/repo/zips/</datadir>
        </dir>
    </extension>
    <extension point="xbmc.addon.metadata">
        <summary>R3CT01.github.io</summary>
        <description>StreamX Media Official Repo</description>
        <disclaimer>We are not liable for anything uploaded to our services due to the fact that our server has public access and open to the general public</disclaimer>
        <platform>all</platform>
        <assets>
            <icon>icon.png</icon>
            <fanart>fanart.jpg</fanart>
        </assets>
    </extension>
</addon>